<?xml version="1.0" encoding="UTF-8"?>
<project-private xmlns="http://www.netbeans.org/ns/project-private/1">
    <editor-bookmarks xmlns="http://www.netbeans.org/ns/editor-bookmarks/2" lastBookmarkId="0"/>
    <open-files xmlns="http://www.netbeans.org/ns/projectui-open-files/2">
        <group>
            <file>file:/D:/Teaching/CSD201/CSD201/practice/Dung1/DupBST/output.txt</file>
            <file>file:/D:/Teaching/CSD201/CSD201/practice/Dung1/DupBST/ex01_input.txt</file>
            <file>file:/D:/Teaching/CSD201/CSD201/practice/Dung1/DupBST/input.txt</file>
            <file>file:/D:/Teaching/CSD201/CSD201/practice/Dung1/DupBST/src/q1/BSTNode.java</file>
            <file>file:/D:/Teaching/CSD201/CSD201/practice/Dung1/DupBST/src/q1/BSTTree.java</file>
            <file>file:/D:/Teaching/CSD201/CSD201/practice/Dung1/DupBST/src/q1/Q1.java</file>
            <file>file:/D:/Teaching/CSD201/CSD201/practice/Dung1/DupBST/ex01_output.txt</file>
        </group>
    </open-files>
</project-private>
