<?xml version="1.0" encoding="UTF-8"?>
<project-private xmlns="http://www.netbeans.org/ns/project-private/1">
    <editor-bookmarks xmlns="http://www.netbeans.org/ns/editor-bookmarks/2" lastBookmarkId="0"/>
    <open-files xmlns="http://www.netbeans.org/ns/projectui-open-files/2">
        <group>
            <file>file:/D:/Teaching/CSD201/CSD201/practice/Dung1/UndirectGraph/input.txt</file>
            <file>file:/D:/Teaching/CSD201/CSD201/practice/Dung1/UndirectGraph/output.txt</file>
            <file>file:/D:/Teaching/CSD201/CSD201/practice/Dung1/UndirectGraph/src/q1/Graph.java</file>
            <file>file:/D:/Teaching/CSD201/CSD201/practice/Dung1/UndirectGraph/src/q1/Q1.java</file>
        </group>
    </open-files>
</project-private>
